participant_id,full_name,email,email_valid,state,age,gender,education_level,program,start_date,end_date,program_duration_days,status,attendance_pct,final_score,employed_before,employed_after,employment_change,income_before,income_after,income_change,satisfaction_score
P0001,Participant 1,participant1@gmail.com,True,Estado de México,26.0,Male,Undergraduate,Excel for Business,2025-08-24,2025-10-12,49.0,Completed,75.5,79.2,Unknown,Yes,Unknown,5000.0,8957.24,3957.24,
P0002,Participant 2,participant2@gmail.com,True,Chiapas,28.0,Not specified,Secondary,Data Analytics,2025-02-20,2025-05-05,74.0,Completed,31.0,93.4,No,Unknown,Unknown,3229.94,1887.79,-1342.15,2.0
P0003,Participant 3,participant3@gmail.com,True,Oaxaca,,Male,Not specified,Excel for Business,2025-02-04,2025-05-12,97.0,Unknown,,,No,No,Remained unemployed,8298.56,10901.11,2602.550000000001,5.0
P0004,Participant 4,participant4@gmail.com,True,Ciudad de México,17.0,Not specified,Graduate,Employability Skills,2025-07-25,2025-11-08,106.0,Completed,,65.3,No,No,Remained unemployed,7246.0,8137.07,891.0699999999997,2.0
P0005,Participant 5,participant5@yahoo.com,True,Ciudad de México,25.0,Female,Not specified,Data Analytics,2025-03-04,2025-04-03,30.0,Dropped,,63.9,Yes,Yes,Remained employed,7303.76,8425.39,1121.6299999999992,
P0006,Participant 6,participant6@yahoo.com,True,Chiapas,22.0,Female,Secondary,Digital Marketing,2025-06-21,2025-10-04,105.0,Completed,81.8,89.2,No,No,Remained unemployed,4885.63,4700.23,-185.40000000000055,4.0
P0007,Participant 7,participant7@gmail.com,True,Oaxaca,29.0,Female,Graduate,Python Basics,2025-05-31,2025-07-04,34.0,In progress,92.3,,No,No,Remained unemployed,3199.02,1845.27,-1353.75,
P0008,Participant 8,participant8@gmail.com,True,Ciudad de México,30.0,Male,Undergraduate,Data Analytics,2025-08-19,2025-11-08,81.0,In progress,87.0,95.9,No,No,Remained unemployed,5742.69,8686.25,2943.5600000000004,
P0009,Participant 9,participant9@example.org,True,Estado de México,,Not specified,Graduate,Excel for Business,2025-04-23,2025-07-13,81.0,Dropped,82.7,65.0,No,Unknown,Unknown,4448.39,5358.08,909.6899999999996,3.0
P0010,Participant 10,participant10@yahoo.com,True,Yucatán,26.0,Female,High school,Python Basics,2025-06-09,2025-09-06,89.0,In progress,,70.1,No,No,Remained unemployed,5019.1,6761.89,1742.79,2.0
P0011,Participant 11,participant11@example.org,True,Estado de México,28.0,Not specified,Undergraduate,Employability Skills,2025-06-07,2025-08-30,84.0,Completed,61.6,89.0,Yes,Yes,Remained employed,,10393.17,,2.0
P0012,Participant 12,participant12@gmail.com,True,Jalisco,20.0,Not specified,Undergraduate,Data Analytics,2025-04-09,2025-05-05,26.0,In progress,87.7,71.0,Yes,Yes,Remained employed,3541.87,4162.16,620.29,5.0
P0013,Participant 13,participant13@yahoo.com,True,Estado de México,,Not specified,Not specified,Digital Marketing,2025-06-01,2025-09-03,94.0,Completed,81.3,85.1,Yes,Yes,Remained employed,7454.56,9594.05,2139.489999999999,3.0
P0014,Participant 14,participant14@outlook.com,True,Estado de México,25.0,Not specified,Undergraduate,Python Basics,2025-03-09,2025-04-30,52.0,Unknown,88.2,80.0,No,No,Remained unemployed,0.0,-245.72,-245.72,5.0
P0015,Participant 15,participant15@example.org,True,Jalisco,29.0,Male,High school,Python Basics,2025-01-21,2025-03-11,49.0,Unknown,95.3,,No,No,Remained unemployed,5867.44,7046.84,1179.4000000000005,1.0
P0016,Participant 16,participant16@gmail.com,True,Ciudad de México,26.0,Male,Not specified,Python Basics,2025-02-06,2025-03-21,43.0,Completed,,,No,No,Remained unemployed,1041.87,1804.23,762.3600000000001,4.0
P0017,Participant 17,participant17@example.org,True,Chiapas,18.0,Not specified,Undergraduate,Python Basics,2025-08-06,2025-09-11,36.0,Completed,67.3,65.9,Yes,Unknown,Unknown,1445.76,579.86,-865.9,
P0018,Participant 18,participant18@yahoo.com,True,Yucatán,32.0,Male,High school,Employability Skills,2025-04-08,2025-07-02,85.0,Unknown,66.0,61.7,No,No,Remained unemployed,4110.14,7200.0,3089.8599999999997,2.0
P0019,Participant 19,,False,Estado de México,24.0,Not specified,High school,Python Basics,2025-04-09,2025-06-22,74.0,Completed,,86.3,Unknown,Yes,Unknown,799.22,4177.94,3378.7199999999993,
P0020,Participant 20,participant20@yahoo.com,True,Yucatán,23.0,Not specified,Undergraduate,Excel for Business,2025-08-27,2025-10-19,53.0,Dropped,76.1,76.2,No,Yes,Entered employment,9953.23,9933.88,-19.350000000000364,
P0021,Participant 21,participant21@gmail.com,True,Chiapas,25.0,Male,Not specified,Data Analytics,2025-07-09,,,Completed,88.4,,No,Unknown,Unknown,4342.69,4318.68,-24.00999999999931,3.0
P0022,Participant 22,,False,Estado de México,22.0,Female,Undergraduate,Python Basics,2025-01-01,2025-03-30,88.0,Completed,73.5,67.0,Yes,No,Lost employment,5178.97,5540.77,361.8000000000002,1.0
P0023,Participant 23,participant23@example.org,True,Ciudad de México,31.0,Not specified,High school,Excel for Business,2025-01-12,2025-06-05,144.0,Unknown,87.6,84.7,No,Yes,Entered employment,4822.59,6925.16,2102.5699999999997,5.0
P0024,Participant 24,participant24@outlook.com,True,Estado de México,30.0,Not specified,Not specified,Excel for Business,2025-04-30,2025-06-24,55.0,In progress,57.2,,Yes,Yes,Remained employed,10378.2,11506.05,1127.8499999999985,
P0025,Participant 25,participant25@yahoo.com,True,Nuevo León,34.0,Male,Not specified,Python Basics,2025-04-09,2025-05-28,49.0,Unknown,44.3,77.6,Unknown,No,Unknown,4130.69,2569.37,-1561.3199999999997,1.0
P0026,Participant 26,participant26@outlook.com,True,Ciudad de México,26.0,Male,Secondary,Python Basics,2025-04-21,2025-05-26,35.0,In progress,,92.2,No,Yes,Entered employment,6310.42,7276.16,965.7399999999998,5.0
P0027,Participant 27,participant27@outlook.com,True,Ciudad de México,30.0,Female,Secondary,Excel for Business,2025-03-17,2025-04-14,28.0,Completed,92.2,81.9,Unknown,No,Unknown,3256.86,6212.08,2955.22,1.0
P0028,Participant 28,participant28@yahoo.com,True,Ciudad de México,23.0,Not specified,Undergraduate,Employability Skills,2025-08-05,2025-10-08,64.0,Unknown,70.2,84.4,Yes,Yes,Remained employed,1879.79,546.36,-1333.4299999999998,2.0
P0029,Participant 29,participant29@outlook.com,True,Chiapas,25.0,Not specified,Undergraduate,Digital Marketing,2025-07-09,2025-09-29,82.0,Unknown,,,No,No,Remained unemployed,2993.68,4774.57,1780.8899999999999,2.0
P0030,Participant 30,participant30@gmail.com,True,Yucatán,19.0,Not specified,Graduate,Digital Marketing,2025-02-18,2025-03-23,33.0,Unknown,,89.2,No,Yes,Entered employment,7608.94,6889.56,-719.3799999999992,4.0
P0031,Participant 31,participant31@gmail.com,True,Yucatán,32.0,Female,Secondary,Digital Marketing,2025-01-28,2025-05-19,111.0,Dropped,65.4,80.3,Yes,Unknown,Unknown,3998.49,6031.39,2032.9000000000005,
P0032,Participant 32,participant32@outlook.com,True,Estado de México,,Male,Not specified,Excel for Business,2025-01-30,2025-02-23,24.0,Unknown,66.4,62.8,Yes,No,Lost employment,9711.71,7797.14,-1914.5699999999988,2.0
P0033,Participant 33,participant33@yahoo.com,True,Puebla,,Male,High school,Digital Marketing,2025-07-21,2025-10-31,102.0,Completed,,80.6,Yes,Yes,Remained employed,8594.54,9803.98,1209.4399999999987,1.0
P0034,Participant 34,participant34@gmail.com,True,Ciudad de México,24.0,Male,High school,Digital Marketing,2025-05-03,2025-07-11,69.0,Unknown,53.4,88.4,No,Unknown,Unknown,6330.79,6183.51,-147.27999999999975,4.0
P0035,Participant 35,participant35@example.org,True,Ciudad de México,22.0,Male,Not specified,Data Analytics,2025-07-10,2025-11-04,117.0,Unknown,,89.7,Yes,Unknown,Unknown,8921.58,12026.74,3105.16,3.0
P0036,Participant 36,participant36@example.org,True,Estado de México,,Not specified,Not specified,Excel for Business,2025-02-22,2025-05-18,85.0,In progress,95.7,86.0,Unknown,Yes,Unknown,1241.54,2341.55,1100.0100000000002,3.0
P0037,Participant 37,participant37@outlook.com,True,Ciudad de México,26.0,Not specified,Secondary,Employability Skills,2025-01-01,2025-01-25,24.0,Completed,61.1,81.2,No,Yes,Entered employment,7887.86,8133.4,245.53999999999996,1.0
P0038,Participant 38,participant38@example.org,True,Oaxaca,19.0,Not specified,High school,Data Analytics,2025-06-29,2025-10-05,98.0,Completed,76.2,82.5,Unknown,Unknown,Unknown,5219.18,6021.43,802.25,
P0039,Participant 39,participant39@outlook.com,True,Ciudad de México,25.0,Female,Undergraduate,Digital Marketing,2025-04-29,2025-06-15,47.0,Completed,,92.4,No,Yes,Entered employment,6677.59,7232.81,555.2200000000003,5.0
P0040,Participant 40,participant40@outlook.com,True,Chiapas,29.0,Female,High school,Digital Marketing,2025-03-24,2025-05-24,61.0,Dropped,,92.6,Unknown,No,Unknown,11435.82,14461.98,3026.16,3.0
P0041,Participant 41,participant41@outlook.com,True,Yucatán,,Male,Undergraduate,Employability Skills,2025-02-24,2025-03-24,28.0,Unknown,94.9,77.7,Unknown,Unknown,Unknown,4903.77,5416.33,512.5599999999995,2.0
P0042,Participant 42,participant42@yahoo.com,True,Puebla,21.0,Male,High school,Data Analytics,2025-03-20,2025-06-22,94.0,Unknown,73.7,71.1,No,No,Remained unemployed,3690.0,3931.36,241.36000000000013,5.0
P0043,Participant 43,participant43@gmail.com,True,Ciudad de México,20.0,Not specified,Undergraduate,Python Basics,2025-06-10,2025-07-05,25.0,Dropped,60.0,76.5,Unknown,No,Unknown,4733.21,3882.75,-850.46,2.0
P0044,Participant 44,participant44@yahoo.com,True,Ciudad de México,25.0,Male,Graduate,Employability Skills,2025-02-18,2025-05-17,88.0,Completed,96.1,75.1,Yes,Yes,Remained employed,3691.65,9272.58,5580.93,4.0
P0045,Participant 45,participant45@yahoo.com,True,Chiapas,25.0,Not specified,Secondary,Python Basics,2025-01-05,2025-04-17,102.0,Dropped,79.6,87.9,Unknown,Yes,Unknown,9450.34,9580.21,129.86999999999898,
P0046,Participant 46,participant46@gmail.com,True,Ciudad de México,27.0,Female,High school,Data Analytics,2025-08-13,2025-11-06,85.0,Completed,99.6,77.1,Yes,Yes,Remained employed,8128.98,7810.6,-318.3799999999992,3.0
P0047,Participant 47,participant47@yahoo.com,True,Chiapas,,Male,Graduate,Excel for Business,2025-07-15,2025-10-28,105.0,Dropped,98.6,89.6,No,Yes,Entered employment,11176.73,11549.88,373.14999999999964,5.0
P0048,Participant 48,participant48@example.org,True,Estado de México,18.0,Female,High school,Digital Marketing,2025-06-04,2025-09-26,114.0,Dropped,37.6,90.1,Unknown,Yes,Unknown,2953.45,9510.6,6557.150000000001,1.0
P0049,Participant 49,participant49@gmail.com,True,Jalisco,31.0,Male,Undergraduate,Excel for Business,2025-08-24,2025-12-21,119.0,Unknown,84.4,77.1,Yes,No,Lost employment,1869.49,2585.59,716.1000000000001,5.0
P0050,Participant 50,participant50@example.org,True,Oaxaca,21.0,Female,High school,Data Analytics,2025-08-03,2025-10-18,76.0,Completed,67.2,97.6,No,Unknown,Unknown,4676.82,5030.31,353.4900000000007,5.0
P0051,Participant 51,participant51@gmail.com,True,Jalisco,,Not specified,High school,Digital Marketing,2025-07-06,2025-09-14,70.0,Completed,,87.7,No,Yes,Entered employment,8797.1,7196.75,-1600.3500000000004,1.0
P0052,Participant 52,participant52@yahoo.com,True,Ciudad de México,,Male,Undergraduate,Excel for Business,2025-03-27,2025-07-16,111.0,Completed,96.7,73.6,No,Yes,Entered employment,6613.5,7839.08,1225.58,3.0
P0053,Participant 53,participant53@example.org,True,Chiapas,18.0,Male,Undergraduate,Excel for Business,2025-07-13,2025-11-01,111.0,Completed,49.0,76.6,Yes,No,Lost employment,189.75,1935.34,1745.59,4.0
P0054,Participant 54,participant54@gmail.com,True,Ciudad de México,30.0,Male,Not specified,Excel for Business,2025-05-15,2025-09-04,112.0,Dropped,67.8,79.3,Yes,No,Lost employment,9037.41,10462.49,1425.08,2.0
P0055,Participant 55,participant55@gmail.com,True,Nuevo León,24.0,Female,Not specified,Excel for Business,2025-07-01,2025-10-13,104.0,In progress,52.6,93.6,Unknown,No,Unknown,5931.4,9381.05,3449.6499999999996,
P0056,Participant 56,participant56@example.org,True,Jalisco,26.0,Female,Undergraduate,Excel for Business,2025-05-10,2025-08-04,86.0,Completed,90.4,87.6,Yes,No,Lost employment,6818.46,8489.95,1671.4900000000007,
P0057,Participant 57,participant57@outlook.com,True,Nuevo León,31.0,Male,Undergraduate,Data Analytics,2025-08-23,2025-09-15,23.0,Dropped,38.9,93.7,Yes,No,Lost employment,5422.6,10502.03,5079.43,3.0
P0058,Participant 58,participant58@example.org,True,Yucatán,28.0,Not specified,Graduate,Data Analytics,2025-03-27,2025-07-09,104.0,Completed,80.2,97.7,No,Yes,Entered employment,5327.55,1886.76,-3440.79,3.0
P0059,Participant 59,participant59@outlook.com,True,Chiapas,28.0,Female,Secondary,Data Analytics,2025-04-25,2025-06-09,45.0,Unknown,54.0,78.1,No,Unknown,Unknown,8357.66,10226.53,1868.8700000000008,3.0
P0060,Participant 60,,False,Nuevo León,23.0,Not specified,High school,Digital Marketing,2025-07-30,2025-11-25,118.0,In progress,91.5,100.0,Unknown,No,Unknown,5375.48,4561.07,-814.4099999999999,3.0
P0061,Participant 61,participant61@example.org,True,Ciudad de México,26.0,Not specified,Undergraduate,Employability Skills,2025-06-28,2025-10-19,113.0,Unknown,59.1,69.4,Unknown,No,Unknown,1048.61,7200.0,6151.39,1.0
P0062,Participant 62,participant62@yahoo.com,True,Chiapas,23.0,Male,High school,Employability Skills,2025-07-19,2025-09-01,44.0,Dropped,81.9,,Yes,Unknown,Unknown,8711.33,11151.6,2440.2700000000004,
P0063,Participant 63,participant63@example.org,True,Jalisco,24.0,Not specified,Undergraduate,Python Basics,2025-11-08,2025-12-02,24.0,Completed,71.1,58.6,Unknown,Yes,Unknown,4801.25,5654.25,853.0,2.0
P0064,Participant 64,participant64@example.org,True,Yucatán,23.0,Not specified,High school,Python Basics,2025-04-30,2025-05-23,23.0,Dropped,55.1,99.0,Yes,Yes,Remained employed,0.0,3536.72,3536.72,4.0
P0065,Participant 65,participant65@yahoo.com,True,Estado de México,25.0,Male,Not specified,Python Basics,2025-03-07,2025-08-01,147.0,Dropped,,83.0,Yes,Yes,Remained employed,8163.7,8432.58,268.8800000000001,4.0
P0066,Participant 66,,False,Yucatán,32.0,Male,Not specified,Excel for Business,2025-05-23,2025-07-30,68.0,Completed,77.8,80.4,No,No,Remained unemployed,1521.71,,,3.0
P0067,Participant 67,participant67@yahoo.com,True,Ciudad de México,20.0,Male,Undergraduate,Excel for Business,2025-02-23,2025-05-27,93.0,In progress,92.4,84.9,No,Yes,Entered employment,7820.24,8845.46,1025.2199999999993,2.0
P0068,Participant 68,participant68@gmail.com,True,Ciudad de México,24.0,Male,Not specified,Python Basics,2025-03-23,2025-06-12,81.0,Completed,86.4,88.1,Yes,Yes,Remained employed,7078.62,12695.54,5616.920000000001,4.0
P0069,Participant 69,participant69@example.org,True,Puebla,,Not specified,Undergraduate,Excel for Business,2025-07-26,2025-09-23,59.0,Completed,90.3,80.4,Yes,No,Lost employment,8314.2,,,
P0070,Participant 70,participant70@gmail.com,True,Nuevo León,23.0,Male,High school,Python Basics,2025-02-09,2025-06-06,117.0,Unknown,78.8,74.4,No,Yes,Entered employment,5608.18,8663.03,3054.8500000000004,1.0
P0071,Participant 71,participant71@outlook.com,True,Ciudad de México,30.0,Not specified,High school,Digital Marketing,2025-02-14,2025-05-02,77.0,Dropped,79.1,76.4,Yes,No,Lost employment,3124.17,4896.22,1772.0500000000002,
P0072,Participant 72,participant72@example.org,True,Oaxaca,20.0,Not specified,High school,Digital Marketing,2025-08-21,2025-09-26,36.0,Unknown,,80.2,Yes,Yes,Remained employed,3544.76,3637.73,92.9699999999998,3.0
P0073,Participant 73,participant73@yahoo.com,True,Oaxaca,22.0,Not specified,Undergraduate,Employability Skills,2025-03-09,2025-06-27,110.0,Unknown,,96.2,Unknown,No,Unknown,4909.12,7495.89,2586.7700000000004,1.0
P0074,Participant 74,participant74@outlook.com,True,Estado de México,28.0,Male,Graduate,Python Basics,2025-08-14,2025-10-18,65.0,Completed,67.4,,No,Unknown,Unknown,8341.51,,,2.0
P0075,Participant 75,participant75@outlook.com,True,Estado de México,24.0,Not specified,High school,Excel for Business,2025-06-11,2025-08-30,80.0,Completed,99.0,87.6,Yes,Yes,Remained employed,6944.54,4820.35,-2124.1899999999996,4.0
P0076,Participant 76,,False,Oaxaca,20.0,Not specified,Not specified,Data Analytics,2025-04-03,2025-06-25,83.0,In progress,,62.1,Yes,Yes,Remained employed,5103.36,,,
P0077,Participant 77,participant77@example.org,True,Chiapas,,Female,Not specified,Digital Marketing,2025-03-13,2025-04-12,30.0,Completed,53.9,64.9,Unknown,Yes,Unknown,7015.41,9015.79,2000.380000000001,3.0
P0078,Participant 78,participant78@yahoo.com,True,Nuevo León,18.0,Not specified,Undergraduate,Digital Marketing,2025-02-15,2025-04-07,51.0,In progress,83.9,81.1,Yes,Yes,Remained employed,7849.62,10572.44,2722.8200000000006,3.0
P0079,Participant 79,participant79@example.org,True,Puebla,31.0,Female,Not specified,Employability Skills,2025-05-02,2025-06-05,34.0,Unknown,66.1,94.3,Yes,No,Lost employment,5728.96,4435.29,-1293.67,
P0080,Participant 80,participant80@outlook.com,True,Puebla,17.0,Male,Secondary,Digital Marketing,2025-05-12,2025-06-06,25.0,Completed,,86.3,No,No,Remained unemployed,8123.88,8360.46,236.57999999999902,1.0
P0081,Participant 81,,False,Ciudad de México,34.0,Not specified,High school,Data Analytics,2025-03-23,2025-06-20,89.0,Dropped,81.6,74.2,No,Yes,Entered employment,4290.29,6431.39,2141.1000000000004,4.0
P0082,Participant 82,participant82@yahoo.com,True,Estado de México,20.0,Not specified,Graduate,Employability Skills,2025-07-08,2025-08-20,43.0,Unknown,57.7,88.8,Unknown,Unknown,Unknown,4856.56,3053.11,-1803.4500000000003,3.0
P0083,Participant 83,participant83@example.org,True,Estado de México,25.0,Female,Not specified,Data Analytics,2025-08-25,2025-10-01,37.0,Completed,96.8,94.9,No,Unknown,Unknown,5403.73,7777.91,2374.1800000000003,3.0
P0084,Participant 84,participant84@outlook.com,True,Yucatán,,Female,Secondary,Data Analytics,2025-03-11,2025-04-16,36.0,In progress,83.8,78.5,No,Yes,Entered employment,7429.25,3501.87,-3927.38,2.0
P0085,Participant 85,participant85@gmail.com,True,Chiapas,,Male,Undergraduate,Excel for Business,2025-01-01,2025-01-25,24.0,Unknown,98.9,81.4,Yes,No,Lost employment,6692.6,8030.88,1338.2799999999997,
P0086,Participant 86,,False,Chiapas,,Male,Not specified,Employability Skills,2025-04-24,2025-07-30,97.0,Dropped,93.2,96.7,No,Unknown,Unknown,8075.71,9705.53,1629.8200000000006,2.0
P0087,Participant 87,participant87@outlook.com,True,Estado de México,28.0,Female,Secondary,Employability Skills,2025-02-14,2025-04-26,71.0,Unknown,76.5,93.0,Unknown,Yes,Unknown,6366.22,7200.0,833.7799999999997,4.0
P0088,Participant 88,participant88@outlook.com,True,Ciudad de México,23.0,Male,High school,Employability Skills,2025-04-24,2025-08-03,101.0,Completed,83.0,74.2,No,Unknown,Unknown,7675.17,9767.4,2092.2299999999996,
P0089,Participant 89,participant89@gmail.com,True,Jalisco,30.0,Not specified,Not specified,Employability Skills,2025-03-18,2025-05-07,50.0,Completed,99.4,,No,No,Remained unemployed,2634.14,3718.69,1084.5500000000002,5.0
P0090,Participant 90,participant90@gmail.com,True,Nuevo León,25.0,Not specified,High school,Digital Marketing,2025-05-23,2025-08-15,84.0,Dropped,96.8,88.8,Yes,Yes,Remained employed,5124.86,,,
P0091,Participant 91,participant91@example.org,True,Ciudad de México,18.0,Not specified,High school,Python Basics,2025-04-27,2025-08-17,112.0,Dropped,39.2,,No,Yes,Entered employment,8024.54,10991.72,2967.1799999999994,5.0
P0092,Participant 92,participant92@example.org,True,Puebla,22.0,Not specified,Undergraduate,Employability Skills,2025-01-15,2025-04-12,87.0,In progress,,90.7,No,No,Remained unemployed,7397.32,9103.46,1706.1399999999994,
P0093,Participant 93,participant93@gmail.com,True,Estado de México,,Not specified,Undergraduate,Digital Marketing,2025-07-22,2025-08-17,26.0,Unknown,76.2,84.2,No,No,Remained unemployed,8980.01,8398.68,-581.3299999999999,3.0
P0094,Participant 94,,False,Jalisco,29.0,Male,Not specified,Excel for Business,2025-05-03,2025-06-04,32.0,Dropped,80.9,70.8,No,No,Remained unemployed,5000.0,9715.24,4715.24,
P0095,Participant 95,participant95@yahoo.com,True,Jalisco,19.0,Female,Undergraduate,Python Basics,2025-06-13,2025-09-14,93.0,Completed,66.1,67.1,No,Unknown,Unknown,3767.74,4436.83,669.0900000000001,5.0
P0096,Participant 96,participant96@gmail.com,True,Estado de México,31.0,Not specified,Not specified,Python Basics,2025-07-04,2025-08-17,44.0,In progress,71.6,,Unknown,Yes,Unknown,7909.7,13088.64,5178.94,
P0097,Participant 97,participant97@example.org,True,Yucatán,,Not specified,Not specified,Data Analytics,2025-02-18,2025-05-08,79.0,Completed,43.6,85.6,Unknown,Yes,Unknown,4164.63,3383.23,-781.4000000000001,3.0
P0098,Participant 98,participant98@outlook.com,True,Nuevo León,19.0,Male,Undergraduate,Python Basics,2025-01-08,2025-02-18,41.0,Dropped,84.0,92.0,Yes,No,Lost employment,7237.49,11941.27,4703.780000000001,4.0
P0099,Participant 99,participant99@yahoo.com,True,Nuevo León,18.0,Not specified,Graduate,Employability Skills,2025-04-14,2025-07-07,84.0,Unknown,89.3,,No,Unknown,Unknown,4733.05,4972.01,238.96000000000004,3.0
P0100,Participant 100,participant100@yahoo.com,True,Estado de México,,Male,High school,Excel for Business,2025-07-20,2025-10-12,84.0,Dropped,68.5,86.3,No,Yes,Entered employment,3535.03,2338.81,-1196.2200000000003,1.0
P0101,Participant 101,participant101@outlook.com,True,Estado de México,26.0,Male,Not specified,Employability Skills,2025-03-14,2025-04-17,34.0,Dropped,,83.0,Unknown,No,Unknown,5252.78,6934.09,1681.3100000000004,1.0
P0102,Participant 102,participant102@outlook.com,True,Estado de México,25.0,Male,Graduate,Excel for Business,2025-05-05,2025-07-15,71.0,Dropped,78.9,84.0,No,Yes,Entered employment,5437.43,8109.41,2671.9799999999996,1.0
P0103,Participant 103,participant103@outlook.com,True,Estado de México,,Female,Secondary,Python Basics,2025-05-14,2025-07-04,51.0,Dropped,74.6,82.7,Unknown,No,Unknown,6824.23,8140.28,1316.0500000000002,
P0104,Participant 104,participant104@outlook.com,True,Yucatán,,Not specified,High school,Data Analytics,2025-01-04,2025-01-27,23.0,Dropped,65.6,81.2,Unknown,Unknown,Unknown,3966.49,4622.04,655.5500000000002,4.0
P0105,Participant 105,participant105@example.org,True,Jalisco,29.0,Male,Secondary,Employability Skills,2025-05-10,2025-07-30,81.0,Unknown,51.3,65.6,No,No,Remained unemployed,4938.09,,,1.0
P0106,Participant 106,participant106@example.org,True,Puebla,28.0,Female,Secondary,Excel for Business,2025-07-10,2025-08-19,40.0,Completed,80.0,,No,Yes,Entered employment,5461.73,7704.45,2242.7200000000003,
P0107,Participant 107,,False,Estado de México,21.0,Female,Undergraduate,Data Analytics,2025-01-29,2025-05-25,116.0,Unknown,62.1,65.5,Yes,No,Lost employment,1466.1,1461.77,-4.329999999999927,5.0
P0108,Participant 108,participant108@outlook.com,True,Oaxaca,30.0,Not specified,Not specified,Digital Marketing,2025-07-12,2025-10-26,106.0,Dropped,,96.6,Unknown,Yes,Unknown,5580.01,5423.86,-156.15000000000055,
P0109,Participant 109,participant109@yahoo.com,True,Chiapas,21.0,Female,High school,Excel for Business,2025-04-04,2025-07-28,115.0,In progress,,65.8,Unknown,Yes,Unknown,3070.96,2386.52,-684.44,3.0
P0110,Participant 110,,False,Ciudad de México,27.0,Male,High school,Python Basics,2025-04-24,2025-05-23,29.0,Completed,81.1,84.9,Unknown,No,Unknown,4971.66,5960.34,988.6800000000003,2.0
P0111,Participant 111,participant111@gmail.com,True,Nuevo León,32.0,Not specified,Not specified,Employability Skills,2025-08-05,2025-09-15,41.0,Completed,,71.8,Unknown,No,Unknown,6398.02,6527.42,129.39999999999964,2.0
P0112,Participant 112,participant112@yahoo.com,True,Estado de México,,Not specified,High school,Excel for Business,2025-08-26,2025-09-21,26.0,Dropped,56.2,95.6,Unknown,No,Unknown,2396.7,4686.67,2289.9700000000003,
P0113,Participant 113,participant113@outlook.com,True,Nuevo León,19.0,Female,Undergraduate,Excel for Business,2025-06-14,2025-09-02,80.0,Dropped,94.4,85.9,No,Unknown,Unknown,3794.17,2841.19,-952.98,
P0114,Participant 114,participant114@outlook.com,True,Ciudad de México,23.0,Female,High school,Employability Skills,2025-05-12,2025-09-07,118.0,Dropped,80.9,71.7,Unknown,No,Unknown,8817.02,10461.67,1644.6499999999996,4.0
P0115,Participant 115,,False,Puebla,34.0,Female,Not specified,Employability Skills,2025-03-16,2025-04-20,35.0,Unknown,85.1,96.4,No,No,Remained unemployed,3975.54,3762.72,-212.82000000000016,4.0
P0116,Participant 116,participant116@gmail.com,True,Nuevo León,27.0,Male,Undergraduate,Data Analytics,2025-02-07,2025-04-13,65.0,Completed,63.3,56.9,Yes,No,Lost employment,1954.09,7200.0,5245.91,2.0
P0117,Participant 117,participant117@gmail.com,True,Yucatán,20.0,Female,Secondary,Excel for Business,2025-02-18,2025-11-05,260.0,Unknown,,,No,Unknown,Unknown,10515.23,13558.54,3043.3100000000013,5.0
P0118,Participant 118,participant118@example.org,True,Estado de México,27.0,Male,Not specified,Digital Marketing,2025-08-08,2025-10-13,66.0,Completed,95.1,90.2,No,No,Remained unemployed,3707.94,1548.17,-2159.77,4.0
P0119,Participant 119,participant119@yahoo.com,True,Nuevo León,35.0,Male,Graduate,Data Analytics,2025-07-24,2025-11-14,113.0,Completed,58.6,95.8,Yes,No,Lost employment,4739.44,3683.41,-1056.0299999999997,3.0
P0120,Participant 120,participant120@example.org,True,Puebla,26.0,Female,Not specified,Python Basics,2025-08-19,2025-10-16,58.0,Completed,96.6,79.7,Yes,Yes,Remained employed,2575.21,-1394.86,-3970.0699999999997,4.0
P0121,Participant 121,participant121@gmail.com,True,Jalisco,20.0,Female,Graduate,Data Analytics,2025-08-08,2025-09-10,33.0,Unknown,86.4,91.2,No,Unknown,Unknown,8567.33,9587.05,1019.7199999999993,
P0122,Participant 122,participant122@gmail.com,True,Yucatán,22.0,Not specified,Not specified,Digital Marketing,2025-07-29,2025-09-18,51.0,Completed,68.5,81.8,Yes,Yes,Remained employed,0.0,2791.28,2791.28,2.0
P0123,Participant 123,participant123@yahoo.com,True,Chiapas,,Not specified,Not specified,Data Analytics,2025-06-18,2025-08-09,52.0,In progress,68.5,91.5,Unknown,Yes,Unknown,2364.28,4403.85,2039.5700000000002,3.0
P0124,Participant 124,,False,Ciudad de México,23.0,Female,Not specified,Digital Marketing,2025-07-17,2025-11-11,117.0,Completed,96.3,,No,Yes,Entered employment,5941.1,6480.45,539.3499999999995,1.0
P0125,Participant 125,participant125@outlook.com,True,Ciudad de México,26.0,Female,Secondary,Python Basics,2025-07-11,2025-08-31,51.0,Unknown,94.3,89.4,Unknown,No,Unknown,10643.74,11514.53,870.7900000000009,1.0
P0126,Participant 126,,False,Ciudad de México,32.0,Not specified,High school,Excel for Business,2025-10-07,,,Unknown,52.0,83.1,No,No,Remained unemployed,4770.47,3156.73,-1613.7400000000002,
P0127,Participant 127,participant127@yahoo.com,True,Oaxaca,22.0,Female,Not specified,Digital Marketing,2025-06-13,2025-09-25,104.0,Unknown,,76.9,Yes,Yes,Remained employed,8371.11,9775.0,1403.8899999999994,2.0
P0128,Participant 128,participant128@example.org,True,Oaxaca,,Male,Not specified,Excel for Business,2025-08-08,2025-08-28,20.0,Completed,28.3,94.8,Unknown,Yes,Unknown,7472.25,8182.81,710.5600000000004,
P0129,Participant 129,participant129@gmail.com,True,Estado de México,20.0,Not specified,Graduate,Python Basics,2025-08-11,2025-10-28,78.0,Dropped,95.0,71.7,Yes,Unknown,Unknown,8355.96,10217.5,1861.5400000000009,
P0130,Participant 130,participant130@gmail.com,True,Estado de México,20.0,Female,Not specified,Excel for Business,2025-06-21,2025-07-21,30.0,Unknown,88.4,85.9,Yes,No,Lost employment,6177.44,7924.99,1747.5500000000002,5.0
P0131,Participant 131,participant131@example.org,True,Jalisco,28.0,Male,Not specified,Digital Marketing,2025-03-16,2025-05-31,76.0,Dropped,67.8,76.5,Yes,Yes,Remained employed,4745.29,7488.06,2742.7700000000004,
P0132,Participant 132,participant132@outlook.com,True,Chiapas,22.0,Not specified,Undergraduate,Digital Marketing,2025-03-28,2025-06-18,82.0,Completed,,90.0,No,No,Remained unemployed,3192.17,5299.04,2106.87,3.0
P0133,Participant 133,participant133@example.org,True,Nuevo León,20.0,Male,Not specified,Data Analytics,2025-04-08,2025-06-12,65.0,Completed,74.5,86.1,Yes,Yes,Remained employed,,8796.83,,5.0
P0134,Participant 134,participant134@yahoo.com,True,Ciudad de México,26.0,Not specified,High school,Python Basics,2025-07-20,2025-09-05,47.0,Unknown,68.4,80.9,Unknown,No,Unknown,4411.94,6963.0,2551.0600000000004,1.0
P0135,Participant 135,,False,Nuevo León,29.0,Male,High school,Digital Marketing,2025-07-06,2025-11-10,127.0,Dropped,68.5,86.1,Unknown,Yes,Unknown,3885.57,1692.21,-2193.36,3.0
P0136,Participant 136,participant136@gmail.com,True,Jalisco,22.0,Not specified,Not specified,Employability Skills,2025-03-05,2025-05-13,69.0,Unknown,95.1,,Unknown,Unknown,Unknown,,7366.96,,
P0137,Participant 137,,False,Ciudad de México,23.0,Female,Undergraduate,Employability Skills,2025-04-02,2025-05-19,47.0,In progress,50.6,68.6,No,Yes,Entered employment,5225.16,9003.07,3777.91,
P0138,Participant 138,participant138@gmail.com,True,Nuevo León,22.0,Female,High school,Digital Marketing,2025-04-16,2025-07-09,84.0,Completed,74.3,61.0,No,No,Remained unemployed,5765.45,6120.26,354.8100000000004,
P0139,Participant 139,participant139@gmail.com,True,Ciudad de México,,Male,Secondary,Employability Skills,2025-07-11,2025-09-30,81.0,Dropped,51.9,,Unknown,Yes,Unknown,5802.79,6129.85,327.0600000000004,3.0
P0140,Participant 140,participant140@example.org,True,Ciudad de México,28.0,Male,Not specified,Python Basics,2025-06-17,2025-07-25,38.0,Completed,93.3,75.1,Unknown,Yes,Unknown,5339.82,5477.32,137.5,2.0
P0141,Participant 141,participant141@outlook.com,True,Ciudad de México,,Not specified,Undergraduate,Digital Marketing,2025-05-07,2025-07-01,55.0,Completed,94.1,76.2,Unknown,Yes,Unknown,5866.98,9968.98,4102.0,2.0
P0142,Participant 142,participant142@example.org,True,Yucatán,29.0,Female,Not specified,Employability Skills,2025-05-01,2025-06-28,58.0,Completed,87.2,80.0,No,Yes,Entered employment,5253.53,6487.46,1233.9300000000003,
P0143,Participant 143,participant143@yahoo.com,True,Yucatán,,Not specified,High school,Data Analytics,2025-02-07,2025-03-26,47.0,Unknown,80.0,80.5,No,Yes,Entered employment,795.38,2283.12,1487.7399999999998,3.0
P0144,Participant 144,participant144@yahoo.com,True,Yucatán,17.0,Not specified,Undergraduate,Digital Marketing,2025-03-16,2025-05-22,67.0,Dropped,98.1,83.6,Unknown,Yes,Unknown,10977.06,9695.71,-1281.3500000000004,2.0
P0145,Participant 145,participant145@example.org,True,Ciudad de México,27.0,Male,Not specified,Python Basics,2025-08-27,2025-12-19,114.0,Dropped,34.9,77.1,Unknown,No,Unknown,5823.53,,,5.0
P0146,Participant 146,participant146@yahoo.com,True,Estado de México,,Female,Not specified,Employability Skills,2025-04-17,2025-07-09,83.0,Completed,100.0,83.3,Unknown,No,Unknown,2713.13,4088.95,1375.8199999999997,5.0
P0147,Participant 147,participant147@gmail.com,True,Chiapas,23.0,Not specified,Undergraduate,Excel for Business,2025-05-06,2025-06-11,36.0,Dropped,56.8,65.2,No,No,Remained unemployed,1867.09,3092.87,1225.78,2.0
P0148,Participant 148,participant148@outlook.com,True,Chiapas,24.0,Female,High school,Data Analytics,2025-06-23,2025-08-02,40.0,Completed,,,Yes,Yes,Remained employed,2841.49,2469.35,-372.1399999999999,3.0
P0149,Participant 149,participant149@example.org,True,Ciudad de México,17.0,Male,High school,Data Analytics,2025-03-26,2025-04-22,27.0,Dropped,82.3,51.6,No,No,Remained unemployed,4784.99,7966.72,3181.7300000000005,3.0
P0150,Participant 150,,False,Ciudad de México,35.0,Male,High school,Python Basics,2025-01-12,2025-04-11,89.0,Dropped,82.8,,Yes,Unknown,Unknown,6172.82,6755.07,582.25,5.0
P0151,Participant 151,participant151@yahoo.com,True,Ciudad de México,30.0,Female,Not specified,Employability Skills,2025-07-25,2025-11-12,110.0,Dropped,77.1,71.1,Unknown,Yes,Unknown,3865.58,1221.37,-2644.21,
P0152,Participant 152,,False,Puebla,42.0,Female,High school,Excel for Business,2025-07-27,2025-11-19,115.0,Unknown,99.0,79.5,No,Yes,Entered employment,6983.89,2891.19,-4092.7000000000003,
P0153,Participant 153,,False,Nuevo León,37.0,Female,Undergraduate,Python Basics,2025-05-16,2025-06-09,24.0,Completed,86.3,96.6,No,Unknown,Unknown,3330.0,,,4.0
P0154,Participant 154,participant154@yahoo.com,True,Yucatán,,Female,Not specified,Employability Skills,2025-02-14,2025-05-05,80.0,Completed,74.0,71.5,No,No,Remained unemployed,10773.61,13385.89,2612.279999999999,
P0155,Participant 155,participant155@example.org,True,Ciudad de México,23.0,Not specified,Graduate,Python Basics,2025-08-19,2025-10-30,72.0,In progress,48.9,68.8,Yes,Unknown,Unknown,7090.73,,,
P0156,Participant 156,participant156@example.org,True,Estado de México,,Not specified,High school,Excel for Business,2025-05-28,2025-07-18,51.0,Completed,70.7,65.4,Unknown,Unknown,Unknown,5158.04,8319.74,3161.7,1.0
P0157,Participant 157,,False,Puebla,17.0,Female,High school,Excel for Business,2025-04-03,2025-05-18,45.0,Completed,59.7,84.7,Unknown,No,Unknown,6568.64,6032.91,-535.7300000000005,4.0
P0158,Participant 158,participant158@example.org,True,Jalisco,29.0,Not specified,Not specified,Python Basics,2025-07-15,2025-11-11,119.0,Completed,40.7,76.9,No,Yes,Entered employment,5076.38,6545.66,1469.2799999999997,4.0
P0159,Participant 159,participant159@gmail.com,True,Puebla,27.0,Not specified,Undergraduate,Data Analytics,2025-04-11,2025-06-02,52.0,Dropped,74.9,82.9,Yes,Unknown,Unknown,4112.82,3796.5,-316.3199999999997,2.0
P0160,Participant 160,participant160@example.org,True,Puebla,26.0,Male,Graduate,Data Analytics,2025-08-28,2025-10-04,37.0,Dropped,74.7,61.1,Yes,Yes,Remained employed,0.0,1145.69,1145.69,5.0
P0161,Participant 161,participant161@gmail.com,True,Nuevo León,22.0,Female,Undergraduate,Data Analytics,2025-05-17,2025-09-01,107.0,Unknown,83.9,72.0,No,Unknown,Unknown,9042.61,,,1.0
P0162,Participant 162,participant162@outlook.com,True,Yucatán,27.0,Female,Secondary,Employability Skills,2025-02-22,2025-04-26,63.0,In progress,80.5,77.9,Yes,No,Lost employment,5783.67,6424.31,640.6400000000003,2.0
P0163,Participant 163,participant163@outlook.com,True,Ciudad de México,,Not specified,Undergraduate,Python Basics,2025-07-28,2025-11-16,111.0,In progress,79.5,89.9,Yes,Yes,Remained employed,4811.22,8552.6,3741.38,
P0164,Participant 164,,False,Ciudad de México,20.0,Female,Undergraduate,Excel for Business,2025-01-16,2025-04-25,99.0,Completed,73.7,,Yes,Yes,Remained employed,5754.64,9742.88,3988.239999999999,5.0
P0165,Participant 165,participant165@yahoo.com,True,Ciudad de México,25.0,Female,Secondary,Excel for Business,2025-08-06,2025-08-29,23.0,Completed,82.4,62.8,Yes,Yes,Remained employed,3428.76,4442.9,1014.1399999999994,3.0
P0166,Participant 166,participant166@outlook.com,True,Chiapas,,Male,Secondary,Excel for Business,2025-02-14,2025-05-27,102.0,Dropped,87.7,82.6,Yes,No,Lost employment,4562.01,5190.12,628.1099999999997,1.0
P0167,Participant 167,participant167@example.org,True,Oaxaca,33.0,Female,High school,Digital Marketing,2025-02-21,2025-05-26,94.0,Unknown,59.7,79.2,Unknown,Unknown,Unknown,6665.9,,,
P0168,Participant 168,,False,Oaxaca,24.0,Female,Not specified,Python Basics,2025-01-03,2025-04-26,113.0,In progress,86.2,80.2,No,No,Remained unemployed,6204.34,10227.35,4023.01,5.0
P0169,Participant 169,participant169@gmail.com,True,Yucatán,18.0,Not specified,Undergraduate,Digital Marketing,2025-03-17,2025-04-16,30.0,Completed,85.3,,No,Yes,Entered employment,2753.24,-709.74,-3462.9799999999996,1.0
P0170,Participant 170,,False,Nuevo León,23.0,Not specified,High school,Digital Marketing,2025-04-04,2025-06-27,84.0,Unknown,87.6,91.1,Yes,Yes,Remained employed,8124.96,8752.95,627.9900000000007,1.0
P0171,Participant 171,participant171@gmail.com,True,Jalisco,27.0,Male,High school,Excel for Business,2025-06-04,2025-09-24,112.0,Dropped,85.5,75.4,Unknown,Yes,Unknown,8674.2,9982.78,1308.58,5.0
P0172,Participant 172,,False,Oaxaca,,Male,Not specified,Python Basics,2025-04-23,2025-08-11,110.0,Dropped,91.4,,Yes,Unknown,Unknown,2139.71,453.84,-1685.8700000000001,4.0
P0173,Participant 173,participant173@example.org,True,Ciudad de México,31.0,Female,Undergraduate,Digital Marketing,2025-05-19,2025-08-02,75.0,Unknown,43.5,87.8,Yes,Yes,Remained employed,7143.81,9138.37,1994.5600000000004,2.0
P0174,Participant 174,participant174@example.org,True,Jalisco,18.0,Not specified,Not specified,Digital Marketing,2025-08-09,2025-09-05,27.0,Completed,92.0,78.5,Yes,No,Lost employment,5181.13,9101.21,3920.079999999999,3.0
P0175,Participant 175,participant175@yahoo.com,True,Yucatán,,Female,Graduate,Excel for Business,2025-06-30,2025-09-19,81.0,Unknown,81.6,96.8,No,No,Remained unemployed,2822.37,,,1.0
P0176,Participant 176,,False,Ciudad de México,25.0,Not specified,High school,Employability Skills,2025-06-18,2025-09-14,88.0,Completed,62.4,,No,Yes,Entered employment,4015.51,3477.15,-538.3600000000001,5.0
P0177,Participant 177,participant177@gmail.com,True,Chiapas,20.0,Not specified,Graduate,Data Analytics,2025-02-01,2025-04-20,78.0,Unknown,91.2,65.5,No,Yes,Entered employment,4339.45,4903.16,563.71,3.0
P0178,Participant 178,participant178@example.org,True,Ciudad de México,17.0,Female,Undergraduate,Employability Skills,2025-03-22,2025-07-07,107.0,Completed,37.7,78.5,Yes,Yes,Remained employed,9141.77,10903.04,1761.2700000000004,5.0
P0179,Participant 179,participant179@outlook.com,True,Ciudad de México,22.0,Not specified,Undergraduate,Data Analytics,2025-02-18,2025-05-24,95.0,Dropped,82.0,79.5,Yes,Yes,Remained employed,5330.31,7685.58,2355.2699999999995,
P0180,Participant 180,participant180@yahoo.com,True,Ciudad de México,17.0,Female,Undergraduate,Digital Marketing,2025-11-06,,,Completed,,41.4,Yes,Yes,Remained employed,4502.12,6241.85,1739.7300000000005,5.0
P0181,Participant 181,participant181@yahoo.com,True,Ciudad de México,25.0,Male,Undergraduate,Employability Skills,2025-06-21,2025-08-02,42.0,Dropped,,79.8,Unknown,Unknown,Unknown,629.13,2586.11,1956.98,3.0
P0182,Participant 182,,False,Ciudad de México,22.0,Not specified,High school,Excel for Business,2025-02-22,2025-05-27,94.0,Completed,85.7,79.8,Yes,No,Lost employment,3843.04,7200.0,3356.96,1.0
P0183,Participant 183,participant183@outlook.com,True,Nuevo León,30.0,Not specified,Not specified,Employability Skills,2025-08-03,2025-09-05,33.0,Completed,74.7,73.9,No,Yes,Entered employment,4916.58,6413.12,1496.54,3.0
P0184,Participant 184,participant184@yahoo.com,True,Chiapas,23.0,Female,Secondary,Excel for Business,2025-07-31,2025-09-29,60.0,Completed,85.6,,No,Yes,Entered employment,6470.43,7740.14,1269.71,
P0185,Participant 185,,False,Ciudad de México,26.0,Female,Undergraduate,Digital Marketing,2025-08-15,,,Unknown,,,Unknown,Unknown,Unknown,6723.14,7713.21,990.0699999999997,4.0
P0186,Participant 186,,False,Puebla,19.0,Not specified,Undergraduate,Excel for Business,2025-01-10,2025-03-23,72.0,Completed,99.4,94.2,No,Yes,Entered employment,8044.15,9732.84,1688.6900000000005,3.0
P0187,Participant 187,participant187@example.org,True,Ciudad de México,26.0,Female,Not specified,Python Basics,2025-04-16,2025-06-06,51.0,Dropped,54.1,79.2,Yes,Yes,Remained employed,5391.31,7621.01,2229.7,1.0
P0188,Participant 188,participant188@gmail.com,True,Ciudad de México,,Male,Undergraduate,Excel for Business,2025-04-02,2025-05-08,36.0,Completed,62.4,80.3,No,Unknown,Unknown,4408.09,,,
P0189,Participant 189,participant189@yahoo.com,True,Estado de México,27.0,Male,High school,Data Analytics,2025-05-07,2025-06-14,38.0,Unknown,57.7,70.3,Yes,Yes,Remained employed,806.39,-1087.36,-1893.75,
P0190,Participant 190,participant190@example.org,True,Ciudad de México,31.0,Male,Not specified,Python Basics,2025-07-07,2025-08-23,47.0,In progress,47.8,83.1,No,No,Remained unemployed,2059.89,2648.61,588.7200000000003,5.0
P0191,Participant 191,participant191@yahoo.com,True,Ciudad de México,21.0,Not specified,Secondary,Digital Marketing,2025-07-05,2025-09-19,76.0,Completed,,82.0,Yes,Yes,Remained employed,8680.15,9166.57,486.4200000000001,4.0
P0192,Participant 192,participant192@yahoo.com,True,Chiapas,32.0,Not specified,Not specified,Digital Marketing,2025-07-18,2025-10-12,86.0,Dropped,,69.9,No,No,Remained unemployed,5606.21,4999.21,-607.0,1.0
P0193,Participant 193,,False,Ciudad de México,17.0,Male,High school,Python Basics,2025-02-05,2025-04-14,68.0,Unknown,57.9,56.3,No,Unknown,Unknown,6832.08,6829.55,-2.5299999999997453,
P0194,Participant 194,participant194@yahoo.com,True,Ciudad de México,30.0,Not specified,High school,Excel for Business,2025-02-26,2025-06-11,105.0,Unknown,97.2,56.3,No,Yes,Entered employment,7804.5,9873.34,2068.84,5.0
P0195,Participant 195,participant195@example.org,True,Oaxaca,19.0,Female,Not specified,Employability Skills,2025-06-09,2025-08-09,61.0,Dropped,,89.4,No,No,Remained unemployed,6526.83,8400.53,1873.7000000000007,2.0
P0196,Participant 196,participant196@yahoo.com,True,Ciudad de México,,Female,High school,Python Basics,2025-04-17,2025-05-15,28.0,In progress,73.4,77.9,Unknown,No,Unknown,3333.19,2326.81,-1006.3800000000001,
P0197,Participant 197,participant197@yahoo.com,True,Jalisco,30.0,Male,Undergraduate,Data Analytics,2025-05-08,2025-08-23,107.0,Completed,97.0,94.2,Unknown,Unknown,Unknown,4896.92,6550.23,1653.3099999999995,3.0
P0198,Participant 198,participant198@outlook.com,True,Chiapas,18.0,Male,High school,Excel for Business,2025-06-09,2025-07-24,45.0,Unknown,78.7,,Yes,Yes,Remained employed,5385.75,5208.76,-176.98999999999978,4.0
P0199,Participant 199,,False,Chiapas,31.0,Not specified,Graduate,Employability Skills,2025-06-30,2025-09-03,65.0,Completed,80.4,57.0,No,Yes,Entered employment,5032.83,6833.54,1800.71,4.0
P0200,Participant 200,participant200@gmail.com,True,Puebla,22.0,Not specified,Undergraduate,Employability Skills,2025-07-11,2025-10-31,112.0,Completed,93.3,55.0,Yes,Yes,Remained employed,5015.13,5021.18,6.050000000000182,3.0
P0201,Participant 201,participant201@yahoo.com,True,Puebla,,Not specified,Secondary,Data Analytics,2025-02-03,2025-06-08,125.0,Dropped,51.5,,Yes,Unknown,Unknown,5000.0,5616.76,616.7600000000002,
P0202,Participant 202,participant202@yahoo.com,True,Ciudad de México,36.0,Female,Not specified,Digital Marketing,2025-05-07,2025-08-26,111.0,Completed,39.0,85.7,Yes,Yes,Remained employed,7171.62,6719.2,-452.4200000000001,4.0
P0203,Participant 203,participant203@outlook.com,True,Jalisco,,Not specified,High school,Data Analytics,2025-08-25,2025-11-11,78.0,Unknown,,,Yes,Yes,Remained employed,6140.64,5891.54,-249.10000000000036,1.0
P0204,Participant 204,participant204@yahoo.com,True,Ciudad de México,33.0,Not specified,High school,Data Analytics,2025-07-14,2025-09-09,57.0,In progress,,99.1,Unknown,No,Unknown,5295.82,7473.9,2178.08,
P0205,Participant 205,participant205@example.org,True,Puebla,23.0,Not specified,High school,Employability Skills,2025-05-16,2025-06-05,20.0,Dropped,,89.4,Unknown,No,Unknown,6820.98,9219.03,2398.050000000001,3.0
P0206,Participant 206,participant206@example.org,True,Nuevo León,28.0,Male,Secondary,Employability Skills,2025-03-18,2025-04-24,37.0,Completed,86.0,95.3,Yes,Unknown,Unknown,5669.98,4293.78,-1376.1999999999998,3.0
P0207,Participant 207,participant207@example.org,True,Estado de México,28.0,Female,High school,Employability Skills,2025-04-02,2025-05-20,48.0,Completed,89.0,,Yes,Yes,Remained employed,4889.8,6690.75,1800.9499999999998,5.0
P0208,Participant 208,participant208@outlook.com,True,Jalisco,32.0,Female,Not specified,Excel for Business,2025-03-15,2025-06-03,80.0,Completed,97.3,,No,Yes,Entered employment,5862.22,7105.25,1243.0299999999997,3.0
P0209,Participant 209,participant209@example.org,True,Yucatán,26.0,Male,High school,Python Basics,2025-08-03,2025-11-05,94.0,Completed,40.2,89.5,Yes,Unknown,Unknown,7713.08,12430.56,4717.48,
P0210,Participant 210,participant210@example.org,True,Oaxaca,20.0,Male,Secondary,Employability Skills,2025-04-03,2025-07-06,94.0,Dropped,54.4,92.4,No,Yes,Entered employment,6907.2,6523.53,-383.6700000000001,2.0
P0211,Participant 211,participant211@outlook.com,True,Jalisco,33.0,Not specified,Undergraduate,Excel for Business,2025-01-26,2025-04-30,94.0,Completed,93.4,82.5,No,Yes,Entered employment,6895.35,8529.73,1634.3799999999992,2.0
P0212,Participant 212,participant212@yahoo.com,True,Ciudad de México,,Not specified,Secondary,Employability Skills,2025-06-25,2025-08-10,46.0,Completed,63.5,80.2,Unknown,No,Unknown,2673.46,4994.34,2320.88,5.0
P0213,Participant 213,participant213@example.org,True,Ciudad de México,25.0,Male,High school,Python Basics,2025-03-02,2025-03-14,12.0,Completed,92.8,75.8,Yes,Yes,Remained employed,5008.83,5838.28,829.4499999999998,
P0214,Participant 214,participant214@example.org,True,Ciudad de México,19.0,Not specified,Graduate,Excel for Business,2025-02-25,2025-05-15,79.0,Unknown,84.0,82.2,No,Unknown,Unknown,4471.53,4800.24,328.71000000000004,5.0
P0215,Participant 215,participant215@yahoo.com,True,Puebla,29.0,Male,Undergraduate,Employability Skills,2025-08-22,2025-11-06,76.0,Unknown,,73.5,No,Unknown,Unknown,8020.0,9429.59,1409.5900000000001,
P0216,Participant 216,participant216@yahoo.com,True,Yucatán,23.0,Not specified,Not specified,Employability Skills,2025-08-01,2025-11-10,101.0,Unknown,89.3,57.5,No,Unknown,Unknown,9292.03,,,5.0
P0217,Participant 217,,False,Nuevo León,30.0,Male,Undergraduate,Python Basics,2025-01-14,2025-05-08,114.0,Completed,,86.5,Unknown,No,Unknown,3728.04,5005.32,1277.2799999999997,
P0218,Participant 218,participant218@yahoo.com,True,Ciudad de México,32.0,Not specified,Graduate,Python Basics,2025-06-15,2025-09-14,91.0,Completed,65.9,77.2,Yes,No,Lost employment,0.0,742.12,742.12,
P0219,Participant 219,participant219@gmail.com,True,Estado de México,22.0,Female,High school,Employability Skills,2025-03-22,2025-06-03,73.0,Unknown,91.3,,No,Yes,Entered employment,11167.95,14796.74,3628.789999999999,5.0
P0220,Participant 220,participant220@outlook.com,True,Nuevo León,33.0,Female,Undergraduate,Digital Marketing,2025-01-30,2025-03-03,32.0,Dropped,80.6,88.9,Yes,Unknown,Unknown,7661.32,11595.32,3934.0,1.0
P0221,Participant 221,participant221@example.org,True,Ciudad de México,20.0,Not specified,Graduate,Excel for Business,2025-01-01,2025-03-05,63.0,Unknown,58.0,82.3,Unknown,Unknown,Unknown,7716.83,9018.24,1301.4099999999999,1.0
P0222,Participant 222,participant222@yahoo.com,True,Estado de México,20.0,Female,Graduate,Data Analytics,2025-06-20,2025-10-12,114.0,Dropped,67.7,86.0,No,No,Remained unemployed,8553.09,8876.21,323.119999999999,
P0223,Participant 223,,False,Ciudad de México,28.0,Female,Undergraduate,Digital Marketing,2025-05-27,2025-08-10,75.0,Completed,80.0,,Yes,Unknown,Unknown,5844.61,7954.34,2109.7300000000005,
P0224,Participant 224,participant224@example.org,True,Puebla,25.0,Female,High school,Data Analytics,2025-07-05,2025-10-31,118.0,Dropped,62.0,93.5,No,No,Remained unemployed,7978.15,11047.23,3069.08,2.0
P0225,Participant 225,participant225@outlook.com,True,Oaxaca,25.0,Not specified,Not specified,Data Analytics,2025-03-08,2025-04-20,43.0,Dropped,78.5,76.3,Unknown,No,Unknown,4423.53,4039.13,-384.39999999999964,2.0
P0226,Participant 226,participant226@yahoo.com,True,Ciudad de México,,Female,Undergraduate,Digital Marketing,2025-03-25,2025-04-25,31.0,Unknown,93.6,84.0,Unknown,Yes,Unknown,3127.71,7472.96,4345.25,1.0
P0227,Participant 227,participant227@gmail.com,True,Puebla,19.0,Not specified,Secondary,Python Basics,2025-06-29,2025-10-05,98.0,In progress,67.0,96.7,No,Yes,Entered employment,4852.86,2775.77,-2077.0899999999997,
P0228,Participant 228,participant228@outlook.com,True,Estado de México,25.0,Not specified,Secondary,Python Basics,2025-05-18,,,Dropped,73.0,90.6,No,Yes,Entered employment,6160.05,9650.29,3490.2400000000007,2.0
P0229,Participant 229,participant229@example.org,True,Ciudad de México,22.0,Female,Graduate,Data Analytics,2025-04-18,2025-07-22,95.0,Completed,81.0,84.1,Yes,Unknown,Unknown,3409.28,5863.4,2454.1199999999994,4.0
P0230,Participant 230,participant230@example.org,True,Jalisco,29.0,Female,Secondary,Employability Skills,2025-05-09,2025-07-22,74.0,Completed,69.7,,No,Yes,Entered employment,4063.63,7200.0,3136.37,3.0
P0231,Participant 231,participant231@outlook.com,True,Yucatán,26.0,Female,Graduate,Excel for Business,2025-06-12,2025-07-15,33.0,Completed,63.6,76.1,No,No,Remained unemployed,6550.29,8259.31,1709.0199999999995,3.0
P0232,Participant 232,,False,Yucatán,22.0,Not specified,Not specified,Excel for Business,2025-01-20,2025-02-14,25.0,Completed,44.3,77.3,No,No,Remained unemployed,,11063.09,,1.0
P0233,Participant 233,participant233@example.org,True,Ciudad de México,34.0,Female,Undergraduate,Data Analytics,2025-06-25,2025-08-27,63.0,In progress,87.0,85.2,No,Yes,Entered employment,3232.48,4042.87,810.3899999999999,1.0
P0234,Participant 234,participant234@yahoo.com,True,Estado de México,20.0,Not specified,Not specified,Python Basics,2025-08-08,2025-09-12,35.0,Unknown,72.8,72.6,No,Yes,Entered employment,5086.18,5063.29,-22.890000000000327,3.0
P0235,Participant 235,participant235@gmail.com,True,Yucatán,24.0,Male,Undergraduate,Employability Skills,2025-05-26,2025-08-22,88.0,Completed,96.3,86.2,Yes,Unknown,Unknown,4860.17,8526.91,3666.74,
P0236,Participant 236,,False,Estado de México,32.0,Female,Graduate,Digital Marketing,2025-04-30,2025-07-21,82.0,Unknown,82.6,77.5,Unknown,Unknown,Unknown,1195.07,3047.24,1852.1699999999998,
P0237,Participant 237,participant237@example.org,True,Jalisco,23.0,Male,Not specified,Digital Marketing,2025-03-01,2025-06-04,95.0,Dropped,85.6,94.5,No,No,Remained unemployed,6958.86,,,
P0238,Participant 238,participant238@yahoo.com,True,Ciudad de México,29.0,Not specified,High school,Digital Marketing,2025-01-25,2025-04-28,93.0,Completed,86.0,68.2,Unknown,Unknown,Unknown,2595.54,3285.89,690.3499999999999,5.0
P0239,Participant 239,participant239@yahoo.com,True,Ciudad de México,30.0,Female,Graduate,Employability Skills,2025-01-06,2025-03-23,76.0,Dropped,,87.9,No,No,Remained unemployed,,2368.09,,4.0
P0240,Participant 240,participant240@example.org,True,Ciudad de México,31.0,Not specified,Graduate,Digital Marketing,2025-08-20,2025-09-20,31.0,Completed,84.2,81.1,Yes,Unknown,Unknown,6683.68,7401.93,718.25,
P0241,Participant 241,participant241@yahoo.com,True,Chiapas,17.0,Not specified,Undergraduate,Data Analytics,2025-05-23,2025-09-19,119.0,Completed,62.6,64.7,No,No,Remained unemployed,7643.33,10358.04,2714.710000000001,
P0242,Participant 242,participant242@example.org,True,Jalisco,26.0,Not specified,High school,Data Analytics,2025-01-30,2025-04-04,64.0,Completed,87.5,78.9,Unknown,No,Unknown,3025.97,3786.94,760.9700000000003,
P0243,Participant 243,,False,Ciudad de México,,Female,Undergraduate,Employability Skills,2025-03-16,2025-11-05,234.0,Dropped,58.3,92.3,No,Yes,Entered employment,,5834.0,,4.0
P0244,Participant 244,participant244@gmail.com,True,Chiapas,,Male,Not specified,Employability Skills,2025-02-01,2025-04-27,85.0,Dropped,82.4,46.6,Unknown,Unknown,Unknown,5608.82,9703.77,4094.9500000000007,4.0
P0245,Participant 245,participant245@outlook.com,True,Oaxaca,24.0,Male,Not specified,Employability Skills,2025-07-22,2025-11-10,111.0,Dropped,,62.0,Yes,No,Lost employment,4170.85,6370.91,2200.0599999999995,2.0
P0246,Participant 246,participant246@gmail.com,True,Ciudad de México,38.0,Not specified,Not specified,Python Basics,2025-02-11,2025-04-11,59.0,Completed,83.1,,No,Yes,Entered employment,5000.0,3565.17,-1434.83,3.0
P0247,Participant 247,participant247@example.org,True,Estado de México,28.0,Female,Not specified,Excel for Business,2025-01-10,2025-05-05,115.0,Completed,55.3,74.1,Unknown,No,Unknown,6355.88,,,2.0
P0248,Participant 248,participant248@gmail.com,True,Puebla,34.0,Male,Not specified,Data Analytics,2025-04-13,2025-05-26,43.0,Dropped,99.5,93.0,Yes,No,Lost employment,8639.93,9085.44,445.5100000000002,
P0249,Participant 249,,False,Ciudad de México,25.0,Not specified,Undergraduate,Employability Skills,2025-05-31,2025-09-23,115.0,Completed,72.1,92.6,Unknown,Yes,Unknown,7254.69,10027.28,2772.590000000001,
P0250,Participant 250,participant250@yahoo.com,True,Oaxaca,21.0,Male,High school,Excel for Business,2025-02-13,2025-06-10,117.0,Completed,,69.4,Yes,Yes,Remained employed,6005.72,6771.56,765.8400000000001,2.0
